win%,k/d,dmg/rnd,matchs_played,headshot_%,wins_total,kills_total,avg_kill_per_rnd,rank_Ascendant,rank_Ascendant ,rank_Bronze,rank_Bronze ,rank_Diamond,rank_Diamond ,rank_Gold,rank_Gold ,rank_Immortal,rank_Immortal ,rank_Iron,rank_Iron ,rank_Platinum,rank_Platinum ,rank_Radiant,rank_Silver,rank_Silver ,rank_Unranked,performance,skill,consistency,dmg_indicator
47.4,0.435,0.3475,1.0133333333333334,0.696875,0.9957142857142856,0.8291666666666667,0.5599999999999999,False,False,False,False,True,False,False,False,False,False,False,False,False,False,False,False,False,False,0.5208095238095238,0.3776,0.5131578947368421,0.4851333333333333
50.8,0.515,0.5866666666666667,0.6822222222222222,0.7875,0.6914285714285714,0.6880833333333334,0.72,False,False,False,False,False,False,False,False,True,False,False,False,False,False,False,False,False,False,0.6729188514357053,0.5952000000000001,0.5093632958801498,0.5932666666666666
53.6,0.56,0.5474999999999999,0.12,0.515625,0.1242857142857142,0.1080833333333333,0.64,False,False,False,False,False,False,False,False,False,False,False,False,False,True,False,False,False,False,0.4048021346469622,0.3527999999999999,0.5043103448275862,0.4131333333333333
49.0,0.51,0.4241666666666667,0.4148148148148148,0.4,0.3742857142857143,0.3105416666666666,0.5599999999999999,False,False,False,False,False,False,False,False,False,False,False,False,False,False,False,True,False,False,0.3116969540969541,0.4424,0.5207207207207207,0.3375333333333333
66.7,0.58,0.67,0.1318518518518518,0.465625,0.1242857142857142,0.0943333333333333,0.5599999999999999,False,False,False,False,False,False,False,False,False,False,False,False,False,False,False,True,False,False,0.4696545470173628,0.4479999999999999,0.4954873646209386,0.4662999999999999
33.3,0.415,0.3899999999999999,0.0044444444444444,0.4625,0.0028571428571428,0.0032083333333333,0.5599999999999999,False,False,False,False,False,False,False,False,False,False,False,False,False,False,False,False,False,True,0.580952380952381,0.8480000000000001,0.5,0.54
47.4,0.48,0.5908333333333334,0.4118518518518518,0.78125,0.3871428571428571,0.345375,0.5599999999999999,False,False,False,False,False,False,True,False,False,False,False,False,False,False,False,False,False,False,0.2631045247974708,0.4368,0.4896265560165975,0.3242333333333333
56.5,0.46,0.4283333333333334,0.3511111111111111,0.4,0.3485714285714286,0.2633333333333333,0.5599999999999999,False,False,False,False,False,False,False,False,False,False,False,False,False,False,False,True,False,False,0.2333530377668308,0.3623999999999999,0.5011494252873563,0.296
44.4,0.415,0.3416666666666667,0.2051851851851852,0.29375,0.2085714285714285,0.1400833333333333,0.48,False,False,False,True,False,False,False,False,False,False,False,False,False,False,False,False,False,False,0.6293389235436478,0.3135999999999999,0.5103793843951324,0.5622
50.7,0.515,0.4150000000000001,0.5555555555555556,0.684375,0.5428571428571428,0.4695,0.5599999999999999,False,False,False,False,False,True,False,False,False,False,False,False,False,False,False,False,False,False,0.5985340682896951,0.4535999999999999,0.4855305466237942,0.5687666666666666
55.6,0.63,0.7775000000000001,0.1251851851851851,0.484375,0.1257142857142857,0.0995833333333333,0.5599999999999999,False,False,False,False,False,False,False,False,False,False,False,False,False,False,False,False,False,True,0.439473098330241,0.3107999999999999,0.4935064935064935,0.4467666666666666
33.3,0.575,0.6158333333333333,0.4296296296296296,0.578125,0.4142857142857143,0.423125,0.64,False,False,False,False,False,False,False,False,False,False,False,False,True,False,False,False,False,False,0.6522857142857142,0.5920000000000001,0.5,0.5899333333333333
47.1,0.66,0.6950000000000001,0.0992592592592592,0.475,0.0914285714285714,0.09675,0.72,False,False,False,False,False,False,False,False,False,False,False,False,False,False,False,True,False,False,0.6789464696223317,0.2464,0.4758620689655172,0.6394666666666666
45.8,0.52,0.5058333333333332,0.6614814814814814,0.5625,0.6342857142857142,0.58275,0.64,False,False,False,False,True,False,False,False,False,False,False,False,False,False,False,False,False,False,0.5083194404522373,0.5632,0.5331991951710262,0.4587
42.9,0.545,0.5308333333333333,0.8807407407407407,0.615625,0.8371428571428572,0.868875,0.72,False,False,False,False,True,False,False,False,False,False,False,False,False,False,False,False,False,False,0.3123369963369963,0.6607999999999999,0.4615384615384615,0.3813
55.1,0.455,0.4016666666666665,0.3096296296296296,0.596875,0.3171428571428571,0.2551666666666666,0.5599999999999999,False,False,False,False,True,False,False,False,False,False,False,False,False,False,False,False,False,False,0.7665399325084364,0.2592,0.4803149606299212,0.6973666666666667
54.8,0.58,0.6158333333333333,0.2844444444444444,0.54375,0.2785714285714286,0.2299166666666666,0.5599999999999999,False,False,False,False,False,False,False,False,False,False,False,False,True,False,False,False,False,False,0.6074552802670884,0.6624,0.5092250922509225,0.5484333333333333
51.2,0.7,0.6683333333333332,0.2118518518518518,0.684375,0.2114285714285714,0.234375,0.72,True,False,False,False,False,False,False,False,False,False,False,False,False,False,False,False,False,False,0.4343033509700176,0.4640000000000001,0.4629629629629629,0.4723333333333332
59.1,0.59,0.6541666666666667,0.8311111111111111,0.403125,0.8214285714285714,0.7992916666666666,0.64,True,False,False,False,False,False,False,False,False,False,False,False,False,False,False,False,False,False,0.722368644427468,0.4128,0.5124777183600713,0.6234333333333333
56.5,0.6,0.7066666666666668,0.4548148148148148,0.665625,0.4271428571428571,0.4579166666666667,0.72,False,False,False,False,False,False,False,False,False,False,False,False,True,False,False,False,False,False,0.609904761904762,0.5935999999999999,0.5,0.5602666666666667
50.0,0.495,0.4041666666666667,0.0511111111111111,0.309375,0.0585714285714285,0.0505416666666666,0.64,False,False,False,False,False,False,True,False,False,False,False,False,False,False,False,False,False,False,0.8726320575975749,0.4864,0.5225464190981433,0.7120666666666667
53.4,0.575,0.67,0.6081481481481481,0.5375,0.5871428571428572,0.5733333333333334,0.64,False,False,False,False,False,False,False,False,False,False,False,False,True,False,False,False,False,False,0.5429314559499364,0.3779999999999999,0.5010266940451745,0.5123333333333333
53.3,0.475,0.5083333333333333,0.4185185185185185,0.6375,0.4057142857142857,0.3042916666666667,0.48,False,False,False,False,False,False,True,False,False,False,False,False,False,False,False,False,False,False,0.5930734643299699,0.5696000000000001,0.5241635687732342,0.5232
48.5,0.555,0.5416666666666666,0.1844444444444444,0.36875,0.1657142857142857,0.153625,0.5599999999999999,False,False,False,False,False,False,False,False,False,False,False,False,False,False,False,True,False,False,0.3345472432875589,0.5088,0.5222381635581061,0.3518666666666666
50.0,0.55,0.7866666666666667,0.1074074074074074,0.240625,0.0985714285714285,0.0911666666666666,0.64,False,False,True,False,False,False,False,False,False,False,False,False,False,False,False,False,False,False,0.9264065133011457,0.7020000000000001,0.5009940357852882,0.7802666666666667
44.4,0.535,0.3674999999999999,0.1177777777777777,0.3625,0.1042857142857142,0.0876666666666666,0.48,False,False,False,False,True,False,False,False,False,False,False,False,False,False,False,False,False,False,0.538446919397444,0.5376000000000001,0.4962518740629685,0.5141
50.0,0.535,0.5875,0.2259259259259259,0.559375,0.2314285714285714,0.1769583333333333,0.5599999999999999,False,False,False,False,False,False,False,False,False,False,False,False,True,False,False,False,False,False,0.2597626630269942,0.4247999999999999,0.4848726114649681,0.325
50.0,0.515,0.5133333333333333,0.2585185185185185,0.490625,0.2457142857142857,0.198375,0.5599999999999999,False,False,False,False,False,False,True,False,False,False,False,False,False,False,False,False,False,False,0.4305579831932772,0.3552,0.4911764705882352,0.4425333333333333
56.5,0.58,0.5966666666666666,0.3244444444444444,0.584375,0.32,0.286625,0.64,False,False,False,False,False,False,True,False,False,False,False,False,False,False,False,False,False,False,0.5281066666666666,0.2855999999999999,0.48,0.5239666666666667
33.3,0.4,0.3441666666666666,0.0414814814814814,0.434375,0.0385714285714285,0.033375,0.5599999999999999,False,False,False,False,False,False,False,False,False,False,False,False,True,False,False,False,False,False,0.4161967418546365,0.5616,0.4934210526315789,0.4303333333333333
38.7,0.565,0.5916666666666667,0.6911111111111111,0.50625,0.6471428571428571,0.6040416666666667,0.5599999999999999,False,False,False,False,False,False,False,False,False,False,False,False,True,False,False,False,False,False,0.6512073732718894,0.5568,0.5161290322580645,0.5707666666666666
50.8,0.61,0.6566666666666667,0.3607407407407407,0.50625,0.3371428571428571,0.3430416666666667,0.64,False,False,False,False,False,False,True,False,False,False,False,False,False,False,False,False,False,False,0.4461185695161599,0.5068,0.4538152610441767,0.4909666666666666
52.1,0.485,0.4266666666666666,0.32,0.46875,0.2914285714285714,0.224,0.48,False,False,True,False,False,False,False,False,False,False,False,False,False,False,False,False,False,False,0.8865010768126346,0.6912,0.5175879396984925,0.7282666666666666
55.6,0.57,0.6333333333333333,0.7407407407407407,0.621875,0.6814285714285714,0.6425416666666667,0.64,False,False,False,False,False,False,True,False,False,False,False,False,False,False,False,False,False,False,0.3996017316017315,0.5348,0.5311004784688995,0.3888666666666666
54.1,0.59,0.5758333333333333,0.5251851851851852,0.49375,0.4942857142857143,0.4498333333333333,0.5599999999999999,False,False,False,False,False,False,False,False,False,False,False,False,True,False,False,False,False,False,0.6207225672877847,0.4864,0.5054347826086957,0.5617333333333334
41.7,0.465,0.4133333333333333,0.8355555555555556,0.315625,0.8142857142857143,0.6177083333333333,0.48,False,False,False,False,True,False,False,False,False,False,False,False,False,False,False,False,False,False,0.5977883597883599,0.544,0.5174603174603175,0.5331666666666667
37.5,0.345,0.2458333333333333,0.057037037037037,0.58125,0.0485714285714285,0.048125,0.5599999999999999,False,False,False,True,False,False,False,False,False,False,False,False,False,False,False,False,False,False,0.4213694425637553,0.4508,0.476303317535545,0.4496
40.2,0.52,0.5866666666666667,0.7607407407407407,0.4875,0.7142857142857143,0.6602916666666667,0.5599999999999999,False,False,False,False,False,False,False,False,False,False,False,False,False,True,False,False,False,False,0.351432277191032,0.4675999999999999,0.4922178988326848,0.3853333333333333
48.3,0.47,0.5066666666666667,0.08,0.36875,0.0742857142857142,0.062875,0.5599999999999999,False,False,False,False,False,False,False,True,False,False,False,False,False,False,False,False,False,False,0.4557098857426726,0.49,0.5096870342771982,0.4437333333333333
47.8,0.495,0.4933333333333332,0.6562962962962963,0.38125,0.6057142857142858,0.6135833333333334,0.64,False,False,False,False,False,False,True,False,False,False,False,False,False,False,False,False,False,False,0.6889746534423759,0.5504,0.5006090133982948,0.6148666666666667
50.0,0.365,0.1966666666666666,0.0422222222222222,0.28125,0.0414285714285714,0.025625,0.48,False,False,False,False,False,False,False,False,False,False,False,True,False,False,False,False,False,False,0.5182169503180333,0.512,0.4801444043321299,0.5166
50.0,0.535,0.5591666666666666,0.0385185185185185,0.49375,0.0371428571428571,0.0317916666666666,0.5599999999999999,False,False,False,False,False,False,False,False,False,False,False,False,True,False,False,False,False,False,0.6666542443064182,0.2379999999999999,0.4565217391304347,0.6571333333333332
40.0,0.37,0.2674999999999999,0.6785185185185185,0.6,0.5942857142857143,0.5796666666666667,0.5599999999999999,False,False,False,False,False,False,True,False,False,False,False,False,False,False,False,False,False,False,0.3670501253132831,0.3296,0.506578947368421,0.3852
33.3,0.525,0.5633333333333332,0.2051851851851852,0.5,0.19,0.1849583333333333,0.64,False,False,False,False,False,False,True,False,False,False,False,False,False,False,False,False,False,False,0.6937879875568318,0.4864,0.5527638190954773,0.5599
49.3,0.535,0.4816666666666667,0.6044444444444445,0.7125,0.5714285714285714,0.5403333333333333,0.64,True,False,False,False,False,False,False,False,False,False,False,False,False,False,False,False,False,False,0.5339477726574501,0.432,0.4838709677419355,0.5239999999999999
52.4,0.46,0.3691666666666666,0.4244444444444444,0.4,0.3914285714285714,0.3207916666666666,0.48,False,False,False,False,False,False,True,False,False,False,False,False,False,False,False,False,False,False,0.1683011021002287,0.5376,0.4541484716157205,0.2765
51.6,0.605,0.6658333333333334,0.9125925925925926,0.8625,0.9385714285714286,0.9114583333333334,0.64,False,False,False,False,False,False,False,False,False,True,False,False,False,False,False,False,False,False,0.2439846511920488,0.4087999999999999,0.4861294583883752,0.3128
63.0,0.35,0.1825,0.1111111111111111,0.509375,0.1185714285714285,0.0694583333333333,0.48,False,False,False,False,False,False,False,False,False,False,False,False,False,False,False,True,False,False,0.6667142857142857,0.48,0.5,0.6000333333333333
56.0,0.55,0.5941666666666667,0.2392592592592592,0.409375,0.2328571428571428,0.2175,0.64,False,False,False,False,False,False,False,False,False,False,False,False,False,False,False,True,False,False,0.0989087753552446,0.3835999999999999,0.4783599088838269,0.2117333333333333
52.9,0.495,0.5608333333333334,0.4577777777777778,0.7875,0.4328571428571429,0.4360833333333333,0.64,False,False,False,False,True,False,False,False,False,False,False,False,False,False,False,False,False,False,0.426628331835879,0.3779999999999999,0.4779874213836478,0.4518666666666667
45.0,0.395,0.2683333333333333,0.3762962962962963,0.465625,0.35,0.2640833333333333,0.48,False,False,True,False,False,False,False,False,False,False,False,False,False,False,False,False,False,False,0.6728854854326203,0.5571999999999999,0.5064695009242144,0.5966333333333333
42.9,0.44,0.5066666666666667,0.1466666666666666,0.45,0.1485714285714285,0.1145833333333333,0.5599999999999999,False,False,False,False,False,False,False,False,False,False,False,False,False,True,False,False,False,False,0.6106713237862382,0.7615999999999999,0.508557457212714,0.5513666666666667
61.5,0.685,0.8883333333333333,0.3666666666666666,0.5875,0.3485714285714286,0.28325,0.5599999999999999,False,False,False,False,False,False,True,False,False,False,False,False,False,False,False,False,False,False,0.216662917135358,0.3576,0.4822834645669291,0.2954666666666666
44.0,0.43,0.3908333333333333,0.2866666666666667,0.40625,0.2728571428571428,0.2418333333333333,0.5599999999999999,False,False,False,False,False,False,False,False,False,False,False,False,False,False,False,True,False,False,0.9269934909215484,0.5075999999999999,0.5071942446043165,0.7711333333333333
46.3,0.535,0.4900000000000001,0.1837037037037037,0.409375,0.17,0.1543333333333333,0.5599999999999999,False,False,False,False,False,False,False,False,False,False,False,False,False,False,False,False,True,False,0.3895820668693009,0.2423999999999999,0.5053191489361702,0.4017666666666666
55.0,0.565,0.5541666666666667,0.3177777777777777,0.65625,0.3214285714285714,0.276875,0.5599999999999999,False,False,False,False,True,False,False,False,False,False,False,False,False,False,False,False,False,False,0.5211883333333334,0.6411999999999999,0.4825,0.5162333333333333
64.0,0.46,0.345,0.2822222222222222,0.36875,0.27,0.199625,0.48,False,False,False,True,False,False,False,False,False,False,False,False,False,False,False,False,False,False,0.5566592737551642,0.496,0.5007610350076104,0.5222
57.6,0.54,0.6141666666666665,0.3037037037037037,0.703125,0.2985714285714286,0.2329583333333333,0.48,False,False,False,False,True,False,False,False,False,False,False,False,False,False,False,False,False,False,0.4496164736164735,0.3807999999999999,0.4594594594594595,0.4876
53.8,0.515,0.5358333333333334,0.1622222222222222,0.88125,0.1628571428571428,0.1478333333333333,0.64,False,False,False,False,False,True,False,False,False,False,False,False,False,False,False,False,False,False,0.3730857484825168,0.3668,0.4955116696588869,0.3980666666666667
53.2,0.505,0.5474999999999999,0.5666666666666667,0.3875,0.5414285714285715,0.4418333333333333,0.5599999999999999,False,False,False,False,False,False,False,True,False,False,False,False,False,False,False,False,False,False,0.645780401416765,0.7008,0.5289256198347108,0.5533666666666667
63.0,0.41,0.2708333333333333,0.5807407407407408,0.534375,0.5485714285714286,0.442375,0.48,False,False,False,False,False,False,False,True,False,False,False,False,False,False,False,False,False,False,0.175984962406015,0.2159999999999999,0.5087719298245614,0.2521
50.0,0.46,0.3991666666666667,0.2429629629629629,0.5,0.2371428571428571,0.1614166666666666,0.48,False,False,False,False,False,False,False,False,False,False,False,False,False,False,False,False,True,False,0.2551156462585034,0.3892,0.4821428571428571,0.3234666666666667
57.1,0.65,0.67,0.2311111111111111,0.346875,0.2214285714285714,0.2047916666666666,0.5599999999999999,False,False,False,False,True,False,False,False,False,False,False,False,False,False,False,False,False,False,0.5928542857142856,0.4871999999999999,0.5033333333333333,0.5447
52.7,0.505,0.505,0.8274074074074074,0.625,0.7857142857142857,0.7490416666666667,0.64,False,True,False,False,False,False,False,False,False,False,False,False,False,False,False,False,False,False,0.4130474111041797,0.3968,0.4868995633187773,0.4338333333333333
57.1,0.5,0.4191666666666667,0.9303703703703704,0.78125,0.9057142857142856,0.78375,0.5599999999999999,False,False,False,False,False,False,False,False,True,False,False,False,False,False,False,False,False,False,0.6966666666666665,0.5536000000000001,0.5357142857142857,0.5796
40.0,0.465,0.6216666666666666,0.302962962962963,0.475,0.3,0.262875,0.64,False,False,False,False,False,True,False,False,False,False,False,False,False,False,False,False,False,False,0.5392213394963647,0.4115999999999999,0.4944388270980788,0.5165333333333334
51.9,0.505,0.4266666666666666,0.1162962962962963,0.775,0.1128571428571428,0.0959583333333333,0.5599999999999999,False,False,False,False,True,False,False,False,False,False,False,False,False,False,False,False,False,False,0.5503879751124253,0.518,0.5019404915912031,0.5166
47.5,0.57,0.5849999999999999,0.0459259259259259,0.54375,0.0457142857142857,0.0433333333333333,0.64,False,False,False,False,False,False,True,False,False,False,False,False,False,False,False,False,False,False,0.6978336686787391,0.4864,0.4929577464788732,0.6307
45.0,0.58,0.6658333333333334,0.0348148148148148,0.590625,0.0314285714285714,0.0292083333333333,0.5599999999999999,False,False,True,False,False,False,False,False,False,False,False,False,False,False,False,False,False,False,0.6133985015336653,0.8672000000000001,0.4899683210137275,0.5742333333333334
58.2,0.545,0.6099999999999999,0.2451851851851851,0.68125,0.2514285714285714,0.2364583333333333,0.64,False,False,False,False,False,False,False,False,False,True,False,False,False,False,False,False,False,False,0.275561403508772,0.2496,0.5095693779904307,0.3201
46.5,0.42,0.3575,0.2414814814814815,0.35,0.2171428571428571,0.1729166666666666,0.48,False,False,True,False,False,False,False,False,False,False,False,False,False,False,False,False,False,False,0.6241523809523809,0.5011999999999999,0.5311475409836065,0.5367999999999999
52.0,0.63,0.5950000000000001,0.3288888888888889,0.5625,0.3,0.2880833333333333,0.64,False,False,False,False,False,False,False,False,False,False,False,False,True,False,False,False,False,False,0.6688030888030887,0.5760000000000001,0.4729729729729729,0.6358666666666667
44.4,0.425,0.375,0.1474074074074074,0.4375,0.1528571428571428,0.1051666666666666,0.48,False,False,False,False,False,False,False,True,False,False,False,False,False,False,False,False,False,False,0.2445917547741988,0.54,0.4810671256454389,0.3165333333333333
30.8,0.395,0.315,0.017037037037037,0.340625,0.0128571428571428,0.0108333333333333,0.48,False,False,True,False,False,False,False,False,False,False,False,False,False,False,False,False,False,False,0.6476949669547534,0.4731999999999999,0.4839857651245551,0.6061333333333333
50.0,0.545,0.7566666666666667,0.2859259259259259,0.453125,0.2528571428571428,0.25575,0.64,False,False,False,False,False,False,True,False,False,False,False,False,False,False,False,False,False,False,0.5468828622358034,0.6048,0.4893048128342246,0.5274333333333333
71.4,0.445,0.3875,0.1844444444444444,0.3375,0.1785714285714285,0.125375,0.48,False,False,False,False,False,False,False,False,False,False,False,False,False,False,False,False,True,False,0.6729017857142858,0.4871999999999999,0.5078125,0.5950666666666667
61.5,0.475,0.4208333333333333,0.68,0.4625,0.6257142857142857,0.5120416666666666,0.48,False,False,False,False,True,False,False,False,False,False,False,False,False,False,False,False,False,False,0.3740952380952381,0.5459999999999999,0.5066666666666667,0.39
49.1,0.535,0.4650000000000001,0.5333333333333333,0.596875,0.4957142857142857,0.43425,0.5599999999999999,False,False,False,False,False,False,False,False,False,False,False,False,False,False,False,False,True,False,0.4591046478471627,0.1992,0.5029940119760479,0.4519999999999999
42.4,0.475,0.475,0.3392592592592592,0.3875,0.3185714285714285,0.3115416666666666,0.64,False,False,False,False,False,False,False,True,False,False,False,False,False,False,False,False,False,False,0.5702103132432569,0.7296,0.5132837407013815,0.5187
48.6,0.555,0.605,0.3311111111111111,0.65,0.33,0.3159166666666667,0.64,False,False,False,False,False,True,False,False,False,False,False,False,False,False,False,False,False,False,0.5271060463659146,0.8,0.5180921052631579,0.4847666666666667
56.5,0.565,0.6716666666666666,0.0044444444444444,0.46875,0.0042857142857142,0.0037083333333333,0.5599999999999999,False,False,False,False,False,False,False,False,False,False,False,False,False,False,False,False,False,True,0.3371931008623921,0.2832,0.4960629921259842,0.3723
38.6,0.59,0.6316666666666667,0.1,0.5,0.0842857142857142,0.0932916666666666,0.64,False,False,True,False,False,False,False,False,False,False,False,False,False,False,False,False,False,False,0.5354839424141749,0.6016,0.5010570824524313,0.5071
48.8,0.45,0.4033333333333334,0.562962962962963,0.321875,0.55,0.4950416666666666,0.64,False,False,False,False,False,False,False,False,False,False,False,False,True,False,False,False,False,False,0.7961111111111112,0.3107999999999999,0.4967948717948718,0.6950666666666667
54.8,0.58,0.6933333333333332,0.5844444444444444,0.434375,0.5642857142857143,0.527,0.64,False,False,False,False,False,False,False,False,False,False,False,False,True,False,False,False,False,False,0.6996911049149857,0.4640000000000001,0.4994259471871412,0.6238333333333334
34.8,0.415,0.2975,0.2029629629629629,0.43125,0.1828571428571428,0.16075,0.5599999999999999,False,False,True,False,False,False,False,False,False,False,False,False,False,False,False,False,False,False,0.5464025210084033,0.6784,0.4794117647058823,0.5379666666666666
50.9,0.605,0.7333333333333333,0.1288888888888889,0.86875,0.1285714285714285,0.1232083333333333,0.64,False,False,False,False,False,False,False,False,False,False,False,False,False,False,False,False,True,False,0.5347985347985347,0.4368,0.486854917234664,0.5214
64.7,0.635,0.6150000000000001,0.2207407407407407,0.4875,0.2157142857142857,0.192,0.5599999999999999,False,False,False,False,False,False,True,False,False,False,False,False,False,False,False,False,False,False,0.2722279942279942,0.3935999999999999,0.5151515151515151,0.3143666666666667
66.7,0.55,0.4758333333333333,0.257037037037037,0.44375,0.2557142857142857,0.204,0.5599999999999999,False,False,False,False,True,False,False,False,False,False,False,False,False,False,False,False,False,False,0.4361463971679798,0.3968,0.4760191846522781,0.4607333333333333
45.2,0.46,0.5208333333333334,0.3155555555555555,0.490625,0.3014285714285714,0.282625,0.64,False,False,False,False,True,False,False,False,False,False,False,False,False,False,False,False,False,False,0.4352614870509607,0.2663999999999999,0.4941520467836257,0.4432
68.6,0.38,0.2024999999999999,0.3911111111111111,0.625,0.3828571428571428,0.2974166666666666,0.5599999999999999,False,False,False,False,False,False,False,False,False,False,False,False,False,True,False,False,False,False,0.7632183908045977,0.6144,0.521551724137931,0.64
60.5,0.655,0.6641666666666666,0.094074074074074,0.253125,0.0871428571428571,0.086,0.64,False,False,False,False,False,False,False,False,False,False,False,False,False,False,False,False,True,False,0.5133277310924369,0.8,0.5137254901960784,0.4795
45.4,0.445,0.3083333333333333,0.2881481481481481,0.50625,0.28,0.2435416666666666,0.5599999999999999,True,False,False,False,False,False,False,False,False,False,False,False,False,False,False,False,False,False,0.5421061296859169,0.6944,0.500886524822695,0.5119
59.5,0.575,0.7958333333333333,0.0962962962962963,0.58125,0.0928571428571428,0.0837916666666666,0.64,False,False,False,False,False,False,False,False,False,False,False,False,True,False,False,False,False,False,0.4764890211640212,0.5348,0.4819444444444444,0.4843666666666666
61.0,0.555,0.5416666666666666,0.6866666666666666,0.634375,0.6628571428571428,0.6185833333333334,0.64,True,False,False,False,False,False,False,False,False,False,False,False,False,False,False,False,False,False,0.2681550048590864,0.324,0.4438775510204081,0.3616333333333333
50.0,0.47,0.3691666666666666,0.3429629629629629,0.6375,0.3371428571428571,0.2682083333333333,0.5599999999999999,False,False,False,False,True,False,False,False,False,False,False,False,False,False,False,False,False,False,0.5504320021956909,0.3975999999999999,0.515850144092219,0.5027
53.1,0.47,0.4875,0.8837037037037037,0.70625,0.8371428571428572,0.725625,0.5599999999999999,True,False,False,False,False,False,False,False,False,False,False,False,False,False,False,False,False,False,0.4352708490803729,0.434,0.5343915343915344,0.4098333333333333
50.0,0.465,0.4525,0.4044444444444444,0.490625,0.3714285714285714,0.3206666666666666,0.5599999999999999,False,False,False,False,False,False,True,False,False,False,False,False,False,False,False,False,False,False,0.3224764365694597,0.364,0.4935400516795866,0.3637666666666666
51.1,0.505,0.4783333333333334,0.1533333333333333,0.390625,0.1385714285714285,0.1175,0.5599999999999999,False,False,False,False,False,False,False,False,False,False,False,False,False,False,False,True,False,False,0.6794798240581376,0.5264,0.5020080321285141,0.6065333333333334
45.8,0.58,0.5758333333333333,0.3251851851851852,0.34375,0.3014285714285714,0.248375,0.5599999999999999,False,False,True,False,False,False,False,False,False,False,False,False,False,False,False,False,False,False,0.2681875711537706,0.2376,0.5037098103874691,0.3187
56.2,0.595,0.6425,0.7481481481481481,0.79375,0.7142857142857143,0.6230416666666667,0.5599999999999999,False,True,False,False,False,False,False,False,False,False,False,False,False,False,False,False,False,False,0.5507809523809525,0.2576,0.45,0.5765333333333333
51.3,0.575,0.5825,0.1992592592592592,0.4375,0.1885714285714285,0.1639166666666666,0.5599999999999999,False,False,False,False,False,False,False,False,False,False,False,False,False,False,False,True,False,False,0.1760617405582923,0.228,0.4344827586206896,0.2952666666666667
53.1,0.5,0.4208333333333333,0.5185185185185185,0.69375,0.5371428571428571,0.478625,0.64,False,True,False,False,False,False,False,False,False,False,False,False,False,False,False,False,False,False,0.259173294059892,0.288,0.4845360824742268,0.3248
39.3,0.475,0.3674999999999999,0.0688888888888888,0.496875,0.06,0.05675,0.5599999999999999,False,False,False,False,False,False,False,False,False,False,False,False,False,False,False,True,False,False,0.4335285418515232,0.5404,0.4968944099378882,0.4395333333333334
58.8,0.685,0.7900000000000001,0.2355555555555555,0.51875,0.2414285714285714,0.213,0.64,False,False,False,False,False,False,False,False,False,False,False,False,True,False,False,False,False,False,0.4288332183114792,0.35,0.4685990338164251,0.4625666666666667
55.0,0.49,0.5141666666666665,0.197037037037037,0.734375,0.2042857142857143,0.1643333333333333,0.5599999999999999,False,False,False,False,False,False,False,False,False,False,False,False,False,True,False,False,False,False,0.5434721490072044,0.8032,0.4797047970479705,0.5355
51.3,0.495,0.5108333333333335,0.8207407407407408,0.5,0.7842857142857143,0.691375,0.5599999999999999,False,False,False,False,True,False,False,False,False,False,False,False,False,False,False,False,False,False,0.6551644367716877,0.6976,0.5317220543806647,0.5566333333333333
33.3,0.55,0.5241666666666667,0.037037037037037,0.31875,0.0342857142857142,0.0305,0.5599999999999999,False,False,True,False,False,False,False,False,False,False,False,False,False,False,False,False,False,False,0.4546311111111111,0.6132,0.5066666666666667,0.4456333333333333
59.4,0.595,0.5491666666666667,0.3548148148148148,0.68125,0.3585714285714286,0.3397083333333333,0.64,False,True,False,False,False,False,False,False,False,False,False,False,False,False,False,False,False,False,0.7521518056887185,0.4368,0.5067114093959731,0.6511
64.2,0.57,0.6191666666666668,0.1651851851851851,0.734375,0.1714285714285714,0.1650833333333333,0.72,True,False,False,False,False,False,False,False,False,False,False,False,False,False,False,False,False,False,0.4161259740259739,0.4608,0.4795454545454545,0.4427333333333333
70.0,0.6,0.6474999999999999,0.3051851851851851,0.578125,0.3157142857142857,0.2577916666666666,0.5599999999999999,False,False,False,False,True,False,False,False,False,False,False,False,False,False,False,False,False,False,0.535431784279977,0.3167999999999999,0.4433734939759036,0.5730333333333333
43.9,0.565,0.5474999999999999,0.4637037037037037,0.771875,0.4471428571428571,0.425125,0.64,True,False,False,False,False,False,False,False,False,False,False,False,False,False,False,False,False,False,0.5185359361135758,0.4416,0.494824016563147,0.5015
45.0,0.4,0.3225,0.8607407407407407,0.703125,0.7985714285714286,0.610625,0.48,False,False,False,False,False,False,False,False,False,False,False,False,False,False,False,False,True,False,0.9148664668664668,0.7884,0.5174825174825175,0.7476
50.0,0.295,0.26,0.12,0.484375,0.1242857142857142,0.1069166666666666,0.64,False,False,False,False,False,False,True,False,False,False,False,False,False,False,False,False,False,False,0.3252204585537918,0.6528,0.4938271604938271,0.3655
36.8,0.555,0.5924999999999999,0.0592592592592592,0.415625,0.0457142857142857,0.0496666666666666,0.5599999999999999,False,False,False,True,False,False,False,False,False,False,False,False,False,False,False,False,False,False,0.4604699398460866,0.6464,0.4643613267466479,0.4906333333333333
47.7,0.51,0.5358333333333334,1.0496296296296297,0.63125,0.94,0.9209583333333332,0.64,False,False,False,False,False,False,True,False,False,False,False,False,False,False,False,False,False,False,0.7984950029394473,0.5247999999999999,0.4938271604938271,0.7009333333333333
46.2,0.47,0.5575,0.4903703703703703,0.65625,0.4828571428571429,0.4555,0.64,False,False,False,False,False,False,False,False,False,False,False,False,True,False,False,False,False,False,0.3841194457716196,0.5888,0.4983277591973244,0.4035666666666666
61.6,0.63,0.5983333333333334,0.3007407407407407,0.640625,0.3128571428571428,0.274125,0.64,True,False,False,False,False,False,False,False,False,False,False,False,False,False,False,False,False,False,0.7921212760966455,0.6560000000000001,0.5394088669950738,0.6375666666666667
65.3,0.56,0.5575,0.4014814814814815,0.646875,0.3942857142857143,0.379375,0.64,False,False,False,False,False,False,False,False,True,False,False,False,False,False,False,False,False,False,0.3542125181950509,0.3555999999999999,0.4923580786026201,0.3872
53.1,0.525,0.5474999999999999,0.5696296296296296,0.540625,0.5385714285714286,0.531,0.64,False,False,False,False,False,False,False,False,False,False,False,False,False,True,False,False,False,False,0.4993050903119869,0.3888,0.496551724137931,0.4862
55.6,0.605,0.6583333333333333,0.0496296296296296,0.36875,0.0457142857142857,0.0454583333333333,0.64,False,False,False,False,False,False,False,False,False,False,False,False,False,False,False,False,True,False,0.531773177678822,0.8288,0.5012636899747261,0.5043
49.2,0.435,0.2366666666666667,0.1222222222222222,0.5125,0.1214285714285714,0.0895416666666666,0.48,False,False,False,False,False,False,False,False,False,False,False,False,True,False,False,False,False,False,0.8739332583427072,0.4352,0.4960629921259842,0.751
45.0,0.53,0.5458333333333333,0.494074074074074,0.525,0.4728571428571428,0.457625,0.64,False,False,False,False,True,False,False,False,False,False,False,False,False,False,False,False,False,False,0.4687238095238095,0.3387999999999999,0.4666666666666667,0.4943999999999999
64.5,0.61,0.7650000000000001,0.1496296296296296,0.70625,0.1614285714285714,0.161,0.72,False,False,False,False,False,True,False,False,False,False,False,False,False,False,False,False,False,False,0.6788960155490769,0.2967999999999999,0.4557823129251701,0.6676
51.1,0.67,0.6391666666666665,0.6822222222222222,0.534375,0.6385714285714286,0.6373333333333333,0.64,True,False,False,False,False,False,False,False,False,False,False,False,False,False,False,False,False,False,0.5024318242414547,0.5760000000000001,0.4972004479283314,0.4877666666666667
47.6,0.58,0.6991666666666667,0.0377777777777777,0.4625,0.0328571428571428,0.0374166666666666,0.72,False,False,False,True,False,False,False,False,False,False,False,False,False,False,False,False,False,False,0.6094085213032583,0.4192,0.5046439628482973,0.5547666666666667
49.0,0.56,0.6383333333333333,0.2896296296296296,0.590625,0.2714285714285714,0.28425,0.64,False,False,False,False,False,False,False,False,False,False,False,False,False,True,False,False,False,False,0.4339555555555555,0.5735999999999999,0.5111111111111111,0.4276
53.0,0.555,0.4691666666666668,0.8792592592592593,0.809375,0.85,0.7992916666666666,0.64,True,False,False,False,False,False,False,False,False,False,False,False,False,False,False,False,False,False,0.5425465201465202,0.6112000000000001,0.4923076923076923,0.5211333333333333
57.4,0.52,0.4408333333333333,0.6177777777777778,0.3875,0.5671428571428572,0.5610833333333334,0.64,False,False,False,False,False,False,True,False,False,False,False,False,False,False,False,False,False,False,0.2788571428571428,0.4247999999999999,0.5,0.3285333333333333
52.8,0.39,0.1725,0.9785185185185186,0.41875,0.9328571428571428,0.703875,0.48,False,False,False,False,False,True,False,False,False,False,False,False,False,False,False,False,False,False,0.9409138410227904,0.684,0.4980544747081712,0.7950666666666667
48.5,0.485,0.5566666666666668,0.4540740740740741,0.853125,0.4328571428571429,0.45575,0.72,False,False,False,False,True,False,False,False,False,False,False,False,False,False,False,False,False,False,0.717264558570681,0.6560000000000001,0.5117739403453689,0.6208
50.0,0.47,0.3741666666666667,0.0251851851851851,0.715625,0.0285714285714285,0.0222916666666666,0.5599999999999999,False,False,False,False,True,False,False,False,False,False,False,False,False,False,False,False,False,False,0.6432106104186641,0.6656,0.5167785234899329,0.5646333333333333
55.0,0.515,0.4366666666666667,0.1592592592592592,0.5875,0.1571428571428571,0.1385,0.5599999999999999,False,False,False,False,True,False,False,False,False,False,False,False,False,False,False,False,False,False,0.6118977932636469,0.3332,0.5365853658536586,0.5233666666666666
55.0,0.49,0.4241666666666667,0.0333333333333333,0.746875,0.0328571428571428,0.021875,0.48,False,False,False,True,False,False,False,False,False,False,False,False,False,False,False,False,False,False,0.1992595314653193,0.2543999999999999,0.4694533762057878,0.2905666666666667
51.1,0.41,0.3241666666666667,0.9303703703703704,0.553125,0.87,0.6725833333333333,0.48,False,False,True,False,False,False,False,False,False,False,False,False,False,False,False,False,False,False,0.4988964719491036,0.5664,0.5303643724696356,0.4549333333333333
60.0,0.515,0.5566666666666668,0.3318518518518518,0.39375,0.3271428571428571,0.2577083333333333,0.5599999999999999,False,False,False,False,False,False,False,False,False,False,False,False,False,True,False,False,False,False,0.2398445092322643,0.4104,0.4897959183673469,0.3075
53.8,0.57,0.6558333333333333,0.3651851851851851,0.58125,0.3442857142857143,0.3465833333333333,0.64,False,False,False,False,False,False,False,False,False,False,False,False,False,False,False,False,True,False,0.3725714285714285,0.4648,0.5,0.3941333333333333
53.5,0.545,0.5408333333333334,0.0837037037037037,0.309375,0.07,0.0685833333333333,0.5599999999999999,False,False,False,False,False,False,False,False,False,False,False,False,False,False,False,True,False,False,0.5180790503170106,0.3724,0.4787535410764872,0.518
47.7,0.55,0.6358333333333335,0.5066666666666667,0.503125,0.4714285714285714,0.4057916666666666,0.5599999999999999,False,False,False,False,False,False,False,False,False,False,False,False,True,False,False,False,False,False,0.4337839221710189,0.2911999999999999,0.5053763440860215,0.4323333333333333
48.9,0.525,0.4916666666666666,0.9074074074074074,0.634375,0.8514285714285714,0.8139166666666666,0.64,False,False,False,False,True,False,False,False,False,False,False,False,False,False,False,False,False,False,0.7121425553744947,0.4448,0.5006337135614702,0.6310333333333333
51.9,0.5,0.4141666666666665,0.0688888888888888,0.325,0.0671428571428571,0.0532916666666666,0.5599999999999999,False,False,False,True,False,False,False,False,False,False,False,False,False,False,False,False,False,False,0.9046308375440206,0.6560000000000001,0.5257234726688103,0.7290666666666666
40.7,0.42,0.4,0.585925925925926,0.51875,0.5657142857142857,0.4233333333333333,0.48,False,False,False,False,True,False,False,False,False,False,False,False,False,False,False,False,False,False,0.7906297085998579,0.5472,0.4776119402985074,0.7189666666666666
54.3,0.47,0.4533333333333333,0.2348148148148148,0.4,0.24,0.176875,0.48,False,False,False,False,True,False,False,False,False,False,False,False,False,False,False,False,False,False,0.435,0.3219999999999999,0.5,0.4378333333333333
58.3,0.59,0.6183333333333333,0.5533333333333333,0.5875,0.5357142857142857,0.4575416666666667,0.5599999999999999,False,False,False,False,True,False,False,False,False,False,False,False,False,False,False,False,False,False,0.7957581780538303,0.7616,0.472463768115942,0.7306
60.0,0.415,0.35,0.4111111111111111,0.49375,0.4128571428571428,0.330875,0.5599999999999999,False,False,False,False,False,True,False,False,False,False,False,False,False,False,False,False,False,False,0.5294833646299774,0.5264,0.4954499494438827,0.5086
63.6,0.5,0.5633333333333332,0.0525925925925925,0.50625,0.0514285714285714,0.04475,0.64,False,False,True,False,False,False,False,False,False,False,False,False,False,False,False,False,False,False,0.3904813617754794,0.4059999999999999,0.4932126696832579,0.4122666666666666
55.8,0.62,0.6666666666666666,0.4029629629629629,0.83125,0.4485714285714285,0.41875,0.72,False,False,False,False,False,False,False,False,False,False,False,False,False,False,True,False,False,False,0.4878552380952381,0.4648,0.472,0.503
50.0,0.67,0.6691666666666668,0.1044444444444444,0.378125,0.0914285714285714,0.09825,0.64,False,False,False,False,False,False,False,False,False,False,False,False,False,False,False,True,False,False,0.5345703254274684,0.5216000000000001,0.471042471042471,0.5387333333333334
62.1,0.53,0.5724999999999999,0.254074074074074,0.578125,0.2528571428571428,0.2337916666666666,0.64,False,False,False,False,True,False,False,False,False,False,False,False,False,False,False,False,False,False,0.3303355771628022,0.3072,0.4781849912739965,0.3812
50.0,0.57,0.6266666666666666,0.6459259259259259,0.75625,0.6071428571428571,0.5819166666666666,0.64,False,False,False,False,True,False,False,False,False,False,False,False,False,False,False,False,False,False,0.7494272507153863,0.684,0.5069337442218799,0.6489333333333334
41.7,0.62,0.5683333333333332,0.1866666666666666,0.328125,0.17,0.1406666666666666,0.5599999999999999,False,False,False,False,False,False,False,False,False,False,False,False,False,False,False,True,False,False,0.6012487254582927,0.308,0.4806378132118451,0.5765333333333333
53.8,0.645,0.67,0.2251851851851851,0.346875,0.2114285714285714,0.1985,0.5599999999999999,False,False,False,False,False,False,False,False,False,False,False,False,False,True,False,False,False,False,0.5747132275132275,0.512,0.437037037037037,0.6128
48.7,0.51,0.5366666666666667,0.3688888888888889,0.565625,0.3228571428571428,0.2931666666666667,0.5599999999999999,False,False,False,False,False,False,False,False,False,False,False,False,False,False,False,True,False,False,0.559047619047619,0.4424,0.5,0.5246666666666667
65.6,0.66,0.7141666666666666,0.4607407407407407,0.640625,0.4671428571428571,0.4437083333333333,0.64,False,True,False,False,False,False,False,False,False,False,False,False,False,False,False,False,False,False,0.523625932300631,0.3303999999999999,0.465863453815261,0.5365
48.7,0.5,0.5116666666666667,0.5074074074074074,0.465625,0.4742857142857143,0.4255,0.5599999999999999,False,False,False,False,False,False,False,True,False,False,False,False,False,False,False,False,False,False,0.7139424977538186,0.4416,0.4751286449399657,0.6662333333333333
45.7,0.51,0.4691666666666668,0.0807407407407407,0.453125,0.0728571428571428,0.063375,0.5599999999999999,False,False,False,False,False,False,False,False,False,False,False,False,True,False,False,False,False,False,0.6531287477954145,0.6336,0.5185185185185185,0.5694333333333333
45.9,0.335,0.1233333333333333,0.3251851851851852,0.428125,0.3,0.2801666666666667,0.5599999999999999,False,False,False,False,False,False,False,False,False,False,False,False,True,False,False,False,False,False,0.5935238095238095,0.7904000000000001,0.5,0.5488
48.0,0.47,0.5175,0.26,0.43125,0.2271428571428571,0.1741666666666666,0.48,False,False,False,False,False,False,False,False,False,False,False,True,False,False,False,False,False,False,0.5205302542069461,0.6579999999999999,0.5375939849624061,0.4629
47.8,0.46,0.5358333333333334,0.5037037037037037,0.4625,0.4771428571428571,0.3318333333333333,0.48,False,False,False,False,False,False,False,False,False,False,False,False,False,False,False,True,False,False,0.551446973111011,0.6912,0.499211356466877,0.5201666666666667
50.0,0.455,0.6174999999999999,0.9162962962962964,0.584375,0.85,0.7476666666666667,0.5599999999999999,False,False,False,False,False,False,False,True,False,False,False,False,False,False,False,False,False,False,0.6683983933195919,0.5292,0.4739178690344062,0.6343
54.2,0.455,0.4683333333333332,0.1718518518518518,0.459375,0.1671428571428571,0.1124166666666666,0.48,False,False,False,False,False,False,False,False,False,False,False,False,False,False,False,True,False,False,0.451914000846903,0.5236,0.481002425222312,0.4674333333333333
51.6,0.565,0.4658333333333334,0.8355555555555556,0.678125,0.8071428571428572,0.7652083333333334,0.64,False,False,False,False,False,False,False,False,True,False,False,False,False,False,False,False,False,False,0.565174087816945,0.7424,0.5373376623376623,0.4921999999999999
50.0,0.58,0.5758333333333333,0.0444444444444444,0.2875,0.0385714285714285,0.0369166666666666,0.5599999999999999,False,False,False,False,False,False,True,False,False,False,False,False,False,False,False,False,False,False,0.9898686371100164,0.6948000000000001,0.5431034482758621,0.7606666666666666
50.8,0.57,0.6025000000000001,0.1888888888888888,0.5125,0.1742857142857143,0.1662083333333333,0.5599999999999999,False,False,False,False,False,False,False,False,False,False,False,False,False,False,False,False,True,False,0.7762838650023116,0.518,0.5364077669902912,0.6308
69.2,0.515,0.5991666666666667,0.1792592592592592,0.44375,0.1742857142857143,0.1574166666666666,0.64,False,False,False,False,True,False,False,False,False,False,False,False,False,False,False,False,False,False,0.7856342305037957,0.6656,0.5265700483091788,0.6487999999999999
51.1,0.535,0.5924999999999999,0.1511111111111111,0.3625,0.1314285714285714,0.1095416666666666,0.5599999999999999,False,False,False,False,False,False,False,False,False,False,False,True,False,False,False,False,False,False,0.4882442396313365,0.3668,0.4798387096774194,0.4950666666666667
57.5,0.475,0.3533333333333334,0.5592592592592592,0.6375,0.5785714285714286,0.486,0.5599999999999999,False,False,False,False,False,True,False,False,False,False,False,False,False,False,False,False,False,False,0.4592644978783592,0.5616,0.495049504950495,0.4593666666666667
57.0,0.55,0.58,0.7570370370370371,0.41875,0.75,0.673625,0.64,False,False,False,False,True,False,False,False,False,False,False,False,False,False,False,False,False,False,0.4778046811945117,0.4311999999999999,0.5012106537530266,0.4666666666666667
36.4,0.475,0.4658333333333334,0.2251851851851851,0.4875,0.2142857142857142,0.2259583333333333,0.72,False,False,False,False,False,False,False,False,False,False,False,False,True,False,False,False,False,False,0.4798221288515406,0.2659999999999999,0.4933155080213903,0.4755666666666666
50.0,0.445,0.4408333333333333,0.0785185185185185,0.478125,0.0728571428571428,0.056125,0.48,False,False,False,True,False,False,False,False,False,False,False,False,False,False,False,False,False,False,0.3158674324000957,0.3984,0.4987437185929648,0.3553333333333333
57.6,0.62,0.6416666666666667,0.4807407407407407,0.59375,0.47,0.4794583333333333,0.72,False,True,False,False,False,False,False,False,False,False,False,False,False,False,False,False,False,False,0.7727977369165487,0.6112000000000001,0.4851485148514851,0.6949333333333333
43.5,0.635,0.8708333333333333,0.4118518518518518,0.440625,0.4028571428571428,0.406125,0.72,False,False,False,False,False,False,False,False,False,False,False,False,False,False,False,True,False,False,0.4853904761904761,0.4816,0.4933333333333333,0.4795
37.5,0.41,0.4166666666666667,0.5896296296296296,0.51875,0.5671428571428572,0.425875,0.48,False,False,False,False,False,False,False,False,False,False,False,False,False,True,False,False,False,False,0.5400546737213403,0.4508,0.4351851851851852,0.5875333333333334
50.0,0.5,0.5908333333333334,0.1851851851851851,0.51875,0.1685714285714285,0.1505833333333333,0.5599999999999999,False,False,True,False,False,False,False,False,False,False,False,False,False,False,False,False,False,False,0.4293217893217895,0.4032,0.5252525252525253,0.413
39.4,0.41,0.3833333333333333,0.0814814814814814,0.471875,0.0642857142857142,0.056625,0.48,False,False,True,False,False,False,False,False,False,False,False,False,False,False,False,False,False,False,0.4901912202380952,0.42,0.4765625,0.4999
51.2,0.665,0.8,0.7451851851851852,0.609375,0.72,0.753125,0.72,False,False,False,False,False,True,False,False,False,False,False,False,False,False,False,False,False,False,0.6363969363969363,0.588,0.5244755244755245,0.5518
45.7,0.41,0.3716666666666666,0.7644444444444445,0.540625,0.7271428571428571,0.5716666666666667,0.48,False,False,False,False,True,False,False,False,False,False,False,False,False,False,False,False,False,False,0.528728798185941,0.416,0.5095238095238095,0.4940333333333334
59.3,0.595,0.6583333333333333,0.4207407407407407,0.475,0.4,0.3580833333333333,0.64,False,False,False,False,False,False,False,True,False,False,False,False,False,False,False,False,False,False,0.4290546089995631,0.4059999999999999,0.4678899082568807,0.4634333333333333
45.5,0.42,0.3,0.1437037037037037,0.375,0.1342857142857142,0.0899583333333333,0.48,False,False,False,False,False,False,False,False,False,False,False,False,False,False,False,True,False,False,0.6909476661951909,0.7111999999999999,0.495049504950495,0.6231666666666666
50.7,0.52,0.6474999999999999,0.38,0.5875,0.3628571428571429,0.3540833333333333,0.64,False,False,False,False,False,False,False,False,False,False,False,False,True,False,False,False,False,False,0.5237904514211406,0.5536000000000001,0.4902470741222366,0.5099333333333333
51.9,0.58,0.5825,0.0414814814814814,0.540625,0.0428571428571428,0.0396666666666666,0.64,False,False,False,False,False,False,True,False,False,False,False,False,False,False,False,False,False,False,0.6944201142857145,0.72,0.5056,0.6125666666666667
58.3,0.565,0.4841666666666666,0.9392592592592592,0.675,0.9042857142857142,0.8445833333333334,0.64,False,True,False,False,False,False,False,False,False,False,False,False,False,False,False,False,False,False,0.313659274540141,0.2256,0.5270758122743683,0.3347666666666667
43.5,0.425,0.3133333333333333,0.2881481481481481,0.346875,0.28,0.2202083333333333,0.5599999999999999,False,False,False,False,False,False,False,True,False,False,False,False,False,False,False,False,False,False,0.6307912844036698,0.7744,0.4873853211009174,0.5897666666666667
52.2,0.49,0.5275000000000001,0.3696296296296296,0.575,0.3528571428571428,0.2851666666666667,0.48,False,False,False,False,False,False,False,False,False,False,False,False,False,True,False,False,False,False,0.4767081782612844,0.5024000000000001,0.4839679358717434,0.4825
45.5,0.51,0.5441666666666668,0.1555555555555555,0.40625,0.1528571428571428,0.137375,0.64,False,False,False,False,False,False,True,False,False,False,False,False,False,False,False,False,False,False,0.5677490462060195,0.7936000000000001,0.4836795252225519,0.5486666666666666
56.6,0.52,0.6283333333333334,0.1918518518518518,0.509375,0.1742857142857143,0.1852083333333333,0.64,False,False,False,False,False,False,False,False,False,False,False,False,False,True,False,False,False,False,0.738027723910077,0.4619999999999999,0.4766214177978884,0.6818333333333334
52.2,0.555,0.6133333333333333,0.554074074074074,0.553125,0.5371428571428571,0.4675,0.5599999999999999,False,False,False,False,False,False,False,False,False,False,False,False,False,True,False,False,False,False,0.187493869404049,0.324,0.4925149700598802,0.2686
53.8,0.695,0.7791666666666667,0.2422222222222222,0.471875,0.24,0.23725,0.64,False,False,False,False,False,False,False,True,False,False,False,False,False,False,False,False,False,False,0.3582857142857142,0.3072,0.5,0.3841333333333333
64.3,0.7,0.7783333333333334,0.1681481481481481,0.603125,0.1757142857142857,0.1772083333333333,0.72,False,False,False,False,False,False,False,False,False,False,False,False,True,False,False,False,False,False,0.3767199424046077,0.5711999999999999,0.509719222462203,0.3894666666666667
45.5,0.515,0.5641666666666666,0.3503703703703704,0.5875,0.3385714285714286,0.3164583333333333,0.64,False,False,False,False,False,True,False,False,False,False,False,False,False,False,False,False,False,False,0.4164197530864196,0.3303999999999999,0.4814814814814814,0.4411666666666666
62.0,0.5,0.4974999999999999,0.1214814814814814,0.6375,0.1185714285714285,0.0991666666666666,0.5599999999999999,False,False,False,False,False,False,False,True,False,False,False,False,False,False,False,False,False,False,0.5635325336241368,0.6368,0.5267175572519084,0.5010333333333333
45.8,0.575,0.6650000000000001,0.4629629629629629,0.625,0.4514285714285714,0.507125,0.72,False,False,False,False,True,False,False,False,False,False,False,False,False,False,False,False,False,False,0.4909589947089947,0.434,0.474537037037037,0.5026
39.2,0.485,0.5166666666666667,0.3503703703703704,0.534375,0.3342857142857143,0.2839583333333333,0.5599999999999999,False,False,False,False,False,False,False,False,False,False,False,False,True,False,False,False,False,False,0.7671638837353124,0.72,0.5211038961038961,0.6432
60.8,0.58,0.6116666666666667,0.2962962962962963,0.6875,0.2971428571428571,0.2735833333333333,0.64,False,False,False,False,False,True,False,False,False,False,False,False,False,False,False,False,False,False,0.5038735138499845,0.3472,0.4954248366013072,0.4905333333333333
53.2,0.565,0.645,0.0362962962962963,0.35625,0.0257142857142857,0.0236666666666666,0.48,False,False,False,False,False,False,False,False,False,False,False,False,False,False,False,False,False,True,0.5455952380952381,0.3527999999999999,0.5111607142857143,0.504
64.3,0.55,0.6058333333333332,0.1474074074074074,0.475,0.1571428571428571,0.1405,0.64,False,False,False,False,False,False,False,False,False,False,False,False,True,False,False,False,False,False,0.1578378886071194,0.4727999999999999,0.4930966469428008,0.2472333333333333
68.1,0.525,0.5891666666666666,0.277037037037037,0.590625,0.2614285714285714,0.261125,0.64,False,False,False,False,False,True,False,False,False,False,False,False,False,False,False,False,False,False,0.546371819960861,0.9024,0.5205479452054794,0.4954333333333333
61.8,0.395,0.2700000000000001,0.3222222222222222,0.471875,0.3114285714285714,0.22925,0.48,False,False,False,False,False,False,True,False,False,False,False,False,False,False,False,False,False,False,0.5447168889422884,0.7092,0.4928511354079058,0.5221
46.1,0.53,0.4775000000000001,0.1125925925925925,0.36875,0.1114285714285714,0.10125,0.64,False,False,False,False,False,False,True,False,False,False,False,False,False,False,False,False,False,False,0.5037668798862829,0.4816,0.4690831556503198,0.518
63.6,0.455,0.3549999999999999,0.3585185185185185,0.59375,0.3571428571428571,0.3087916666666667,0.5599999999999999,True,False,False,False,False,False,False,False,False,False,False,False,False,False,False,False,False,False,0.4978991596638654,0.7296,0.4901960784313725,0.4914999999999999
51.0,0.475,0.3808333333333333,0.4125925925925925,0.409375,0.3942857142857143,0.3527083333333333,0.5599999999999999,False,False,False,False,False,True,False,False,False,False,False,False,False,False,False,False,False,False,0.7266983092911431,0.7668,0.4869706840390879,0.6592
56.2,0.65,0.7383333333333333,0.2555555555555555,0.74375,0.2328571428571428,0.2417916666666666,0.64,False,False,False,False,False,False,False,False,False,False,False,False,False,False,False,False,True,False,0.6382090272749217,0.4672,0.4887762490948588,0.5934
42.9,0.48,0.6208333333333333,0.0333333333333333,0.378125,0.03,0.0263333333333333,0.5599999999999999,False,False,False,True,False,False,False,False,False,False,False,False,False,False,False,False,False,False,0.6454551881888126,0.352,0.517467248908297,0.5654
63.4,0.59,0.6441666666666668,0.1651851851851851,0.3625,0.1657142857142857,0.1578333333333333,0.64,False,False,False,False,False,False,True,False,False,False,False,False,False,False,False,False,False,False,0.6154239256678281,0.54,0.5097560975609756,0.5533333333333333
51.9,0.51,0.5625,0.3577777777777777,0.575,0.3414285714285714,0.2754166666666666,0.48,False,False,False,False,False,False,False,False,False,False,False,False,False,True,False,False,False,False,0.6660717547292889,0.5984,0.5114155251141552,0.5862
46.7,0.615,0.6341666666666667,0.1718518518518518,0.6,0.1728571428571428,0.1648333333333333,0.64,True,False,False,False,False,False,False,False,False,False,False,False,False,False,False,False,False,False,0.4035748975086722,0.5711999999999999,0.5364238410596026,0.3876
43.6,0.535,0.4916666666666666,0.5511111111111111,0.375,0.5214285714285715,0.4682083333333333,0.5599999999999999,False,False,False,False,False,False,False,False,False,False,False,False,True,False,False,False,False,False,0.4206349206349207,0.4059999999999999,0.5238095238095238,0.4083333333333333
56.1,0.555,0.5341666666666666,0.2333333333333333,0.53125,0.2328571428571428,0.2045,0.64,False,False,False,False,False,False,True,False,False,False,False,False,False,False,False,False,False,False,0.8282460317460317,0.3135999999999999,0.4583333333333333,0.7779333333333334
50.0,0.49,0.3483333333333333,0.0214814814814814,0.290625,0.0157142857142857,0.0167083333333333,0.5599999999999999,False,False,False,False,False,False,False,False,False,False,True,False,False,False,False,False,False,False,0.4955502645502644,0.2855999999999999,0.4722222222222222,0.5084666666666666
51.1,0.525,0.5666666666666667,0.2614814814814815,0.415625,0.2414285714285714,0.2176666666666666,0.5599999999999999,False,False,False,False,False,False,False,False,False,False,False,False,False,False,False,True,False,False,0.4620636175418784,0.3167999999999999,0.4624505928853755,0.4938666666666667
62.9,0.51,0.5516666666666665,0.1711111111111111,0.4,0.1657142857142857,0.1486666666666666,0.5599999999999999,False,False,False,False,False,False,False,False,False,False,False,False,True,False,False,False,False,False,0.6174255238095238,0.6368,0.477,0.5928
48.5,0.54,0.4674999999999999,0.2637037037037037,0.29375,0.2385714285714285,0.1945833333333333,0.5599999999999999,False,False,False,False,False,False,False,False,False,False,False,False,False,False,False,True,False,False,0.5678407738095238,0.434,0.48046875,0.5524
44.4,0.63,0.8633333333333333,0.4118518518518518,0.440625,0.4028571428571428,0.406125,0.72,False,False,False,False,False,False,False,False,False,False,False,False,False,False,False,True,False,False,0.6756136971642589,0.4172,0.4887640449438202,0.6202
57.8,0.575,0.5625,0.6785185185185185,0.34375,0.6771428571428572,0.6039583333333334,0.64,False,False,False,False,True,False,False,False,False,False,False,False,False,False,False,False,False,False,0.6272448116058835,0.4424,0.4880112834978843,0.5864666666666667
44.1,0.465,0.4216666666666666,0.3762962962962963,0.615625,0.3685714285714285,0.2969583333333333,0.5599999999999999,False,False,False,False,False,False,False,False,False,False,False,False,False,True,False,False,False,False,0.4376162528216704,0.3903999999999999,0.4785553047404063,0.4593666666666667
44.8,0.535,0.5591666666666666,0.5,0.540625,0.4557142857142857,0.4418333333333333,0.64,False,False,False,False,False,False,True,False,False,False,False,False,False,False,False,False,False,False,0.1793241051151724,0.3215999999999999,0.4943224829674489,0.2618333333333333
58.3,0.565,0.4075,0.1251851851851851,0.459375,0.1057142857142857,0.1137916666666666,0.64,False,False,False,False,False,False,False,False,False,False,False,False,False,False,False,False,True,False,0.5308388780169602,0.5088,0.4931506849315068,0.5119333333333334
60.9,0.57,0.6491666666666667,0.2118518518518518,0.46875,0.2042857142857143,0.1915,0.64,False,False,False,False,False,False,False,False,False,False,False,False,True,False,False,False,False,False,0.6525356767312603,0.828,0.4889589905362776,0.6034333333333334
53.6,0.475,0.4541666666666666,0.2229629629629629,0.328125,0.2057142857142857,0.160625,0.5599999999999999,False,False,False,True,False,False,False,False,False,False,False,False,False,False,False,False,False,False,0.5836947903549274,0.504,0.4897159647404505,0.5533
40.0,0.56,0.5458333333333333,0.6614814814814814,0.65625,0.6214285714285714,0.61425,0.64,False,True,False,False,False,False,False,False,False,False,False,False,False,False,False,False,False,False,0.5925824935783441,0.4032,0.5103734439834025,0.537
53.8,0.465,0.3741666666666667,0.6785185185185185,0.396875,0.6442857142857142,0.5227916666666667,0.5599999999999999,False,False,False,False,False,False,False,True,False,False,False,False,False,False,False,False,False,False,0.2974801430453604,0.2376,0.5059288537549407,0.3375666666666666
55.6,0.565,0.6575000000000001,0.7288888888888889,0.609375,0.6914285714285714,0.6480416666666666,0.64,False,False,False,False,False,False,False,False,False,False,False,False,True,False,False,False,False,False,0.4021932891299981,0.3583999999999999,0.5147679324894515,0.4029666666666667
45.7,0.55,0.6099999999999999,0.1362962962962963,0.475,0.1328571428571428,0.1197083333333333,0.64,False,False,False,False,False,False,False,False,False,False,False,False,False,False,False,False,True,False,0.5039477124183007,0.3248,0.4509803921568627,0.5389333333333334
33.3,0.52,0.6083333333333333,0.0237037037037037,0.296875,0.0142857142857142,0.023,0.64,False,False,True,False,False,False,False,False,False,False,False,False,False,False,False,False,False,False,0.311598608393129,0.3303999999999999,0.5159817351598174,0.3405666666666667
55.3,0.44,0.2666666666666666,0.04,0.553125,0.0385714285714285,0.025875,0.48,False,False,False,False,False,False,False,False,False,False,False,False,False,False,False,False,True,False,0.4754700089525515,0.64,0.4923903312444047,0.4733666666666666
57.6,0.535,0.5058333333333332,0.894074074074074,0.715625,0.88,0.834375,0.64,False,False,False,False,False,False,False,False,True,False,False,False,False,False,False,False,False,False,0.3818571428571429,0.36,0.4722222222222222,0.4242
57.7,0.47,0.3549999999999999,0.3674074074074074,0.4,0.3542857142857142,0.2591666666666666,0.48,False,False,False,False,False,False,False,False,False,False,False,False,False,False,False,True,False,False,0.4407105847520354,0.3779999999999999,0.5181347150259067,0.4263666666666666
52.6,0.525,0.5633333333333332,0.5725925925925925,0.578125,0.5542857142857143,0.4767083333333333,0.5599999999999999,False,False,False,False,True,False,False,False,False,False,False,False,False,False,False,False,False,False,0.6977891297891298,0.5184000000000001,0.4823284823284823,0.6445666666666667
56.5,0.595,0.5383333333333333,0.3007407407407407,0.596875,0.3028571428571429,0.2869583333333333,0.64,False,False,False,False,False,False,False,False,True,False,False,False,False,False,False,False,False,False,0.3583726879181423,0.5319999999999999,0.5165289256198347,0.3718999999999999
43.3,0.43,0.3799999999999999,0.1496296296296296,0.4375,0.1542857142857142,0.1072916666666666,0.48,False,False,False,False,False,False,True,False,False,False,False,False,False,False,False,False,False,False,0.3305502645502645,0.3527999999999999,0.4907407407407407,0.3716
48.2,0.605,0.6883333333333332,0.1111111111111111,0.478125,0.09,0.09225,0.5599999999999999,False,False,False,False,False,False,False,False,False,False,False,False,False,False,False,True,False,False,0.8469740688354551,0.3008,0.5148514851485149,0.7052666666666667
53.5,0.415,0.2975,0.3096296296296296,0.325,0.3042857142857142,0.2211666666666666,0.48,False,False,False,False,False,False,True,False,False,False,False,False,False,False,False,False,False,False,0.7921796536796535,0.8832000000000001,0.5332792207792207,0.6449333333333332
56.0,0.53,0.4799999999999999,0.3222222222222222,0.50625,0.3085714285714285,0.2244583333333333,0.48,False,False,False,False,False,False,False,False,False,False,False,False,False,False,False,True,False,False,0.5487827076222981,0.6688,0.4812286689419795,0.5376666666666667
53.5,0.525,0.5683333333333332,0.697037037037037,0.7125,0.69,0.6624166666666667,0.64,False,False,False,False,False,False,False,False,True,False,False,False,False,False,False,False,False,False,0.5995112781954888,0.4508,0.4824561403508772,0.5731
59.1,0.635,0.6474999999999999,0.1088888888888888,0.33125,0.0957142857142857,0.0933333333333333,0.5599999999999999,False,False,False,True,False,False,False,False,False,False,False,False,False,False,False,False,False,False,0.1450952380952381,0.496,0.5370370370370371,0.2187
41.7,0.575,0.7816666666666667,0.8637037037037038,0.43125,0.7914285714285715,0.769625,0.64,False,False,False,False,False,False,True,False,False,False,False,False,False,False,False,False,False,False,0.3728938686585746,0.3552,0.477124183006536,0.4132666666666666
67.7,0.53,0.4941666666666667,0.4562962962962963,0.725,0.4728571428571428,0.4331666666666666,0.64,False,False,False,False,False,False,False,False,True,False,False,False,False,False,False,False,False,False,0.6667545787545788,0.4871999999999999,0.5025641025641026,0.597
64.6,0.56,0.5491666666666667,0.2222222222222222,0.54375,0.2157142857142857,0.1896666666666666,0.5599999999999999,False,False,False,False,True,False,False,False,False,False,False,False,False,False,False,False,False,False,0.4948072627612195,0.6240000000000001,0.5136690647482014,0.4669333333333333
60.0,0.665,0.6150000000000001,0.4911111111111111,0.515625,0.4514285714285714,0.418,0.5599999999999999,False,False,False,False,False,False,False,True,False,False,False,False,False,False,False,False,False,False,0.4819640287769786,0.7,0.487410071942446,0.4828666666666667
55.0,0.545,0.5650000000000001,0.1785185185185185,0.39375,0.1757142857142857,0.1577916666666666,0.64,False,False,False,False,False,False,False,False,False,False,False,False,False,False,False,False,True,False,0.4930881025192951,0.8676,0.5107033639143731,0.4684666666666666
52.5,0.525,0.4858333333333334,0.3659259259259259,0.778125,0.3657142857142857,0.348625,0.64,False,False,False,False,True,False,False,False,False,False,False,False,False,False,False,False,False,False,0.6053338658146965,0.7308,0.4944089456869009,0.5633666666666667
45.1,0.475,0.3758333333333333,0.68,0.628125,0.6271428571428571,0.559875,0.5599999999999999,False,False,False,False,True,False,False,False,False,False,False,False,False,False,False,False,False,False,0.4507678044669194,0.4895999999999999,0.5026548672566372,0.4464999999999999
65.0,0.53,0.4766666666666665,0.9007407407407408,0.78125,0.9,0.8257083333333334,0.64,False,False,False,False,False,False,False,False,False,True,False,False,False,False,False,False,False,False,0.4771156462585034,0.7104,0.5371428571428571,0.435
50.8,0.64,0.6525000000000001,0.0955555555555555,0.471875,0.0757142857142857,0.0848333333333333,0.64,False,False,False,False,False,False,False,False,False,False,False,False,False,False,False,True,False,False,0.5262448428764218,0.7968000000000001,0.5182186234817814,0.4840666666666666
55.7,0.66,0.6608333333333334,0.12,0.5125,0.1142857142857142,0.1152083333333333,0.64,False,False,False,False,True,False,False,False,False,False,False,False,False,False,False,False,False,False,0.458495117285815,0.4788,0.4947145877378435,0.4591333333333333
42.9,0.49,0.4208333333333333,0.0451851851851851,0.365625,0.0428571428571428,0.035875,0.5599999999999999,False,False,False,False,False,False,False,False,False,False,False,False,False,False,False,False,True,False,0.5848347034796547,0.9072,0.5255157437567861,0.5163666666666666
47.4,0.575,0.6233333333333334,1.022962962962963,0.45625,0.9642857142857144,0.940625,0.64,False,False,False,False,False,False,False,False,False,False,False,False,True,False,False,False,False,False,0.4810015825061142,0.672,0.5105740181268882,0.4603
51.4,0.365,0.1799999999999999,0.3755555555555555,0.615625,0.3571428571428571,0.2739583333333333,0.48,False,False,False,False,False,False,False,True,False,False,False,False,False,False,False,False,False,False,0.1927193362193362,0.56,0.5075757575757576,0.2642333333333333
35.3,0.49,0.5166666666666667,0.5362962962962963,0.453125,0.5114285714285715,0.474375,0.64,False,False,False,False,False,False,False,False,False,False,False,False,False,True,False,False,False,False,0.7496543402101984,0.2912,0.4713896457765668,0.6980333333333333
63.9,0.59,0.4900000000000001,0.374074074074074,0.69375,0.3628571428571429,0.3522083333333333,0.64,False,False,False,False,True,False,False,False,False,False,False,False,False,False,False,False,False,False,0.466220706260032,0.2632,0.4691011235955056,0.4899666666666667
50.0,0.445,0.3391666666666666,0.1888888888888888,0.515625,0.1971428571428571,0.144,0.5599999999999999,False,False,False,False,False,True,False,False,False,False,False,False,False,False,False,False,False,False,0.3631731092436974,0.4619999999999999,0.5411764705882353,0.3580666666666667
48.1,0.58,0.5408333333333334,0.4681481481481481,0.6625,0.4514285714285714,0.3989166666666666,0.5599999999999999,True,False,False,False,False,False,False,False,False,False,False,False,False,False,False,False,False,False,0.407530345471522,0.3555999999999999,0.4975490196078431,0.4206666666666667
56.2,0.51,0.4283333333333334,0.057037037037037,0.346875,0.0542857142857142,0.041,0.5599999999999999,False,False,False,False,False,False,False,False,False,False,False,False,False,False,False,True,False,False,0.2815271030602442,0.3072,0.4870317002881844,0.3392
58.3,0.465,0.45,0.4044444444444444,0.734375,0.4114285714285714,0.342125,0.5599999999999999,False,False,False,False,False,False,False,False,False,False,False,False,True,False,False,False,False,False,0.561061683745228,0.7424,0.5358649789029536,0.4908666666666666
60.0,0.585,0.4516666666666665,0.0303703703703703,0.371875,0.0314285714285714,0.0234166666666666,0.5599999999999999,False,False,False,True,False,False,False,False,False,False,False,False,False,False,False,False,False,False,0.2884878140232471,0.336,0.4763779527559055,0.3519
49.4,0.5,0.5,0.6118518518518519,0.48125,0.5914285714285714,0.5157083333333333,0.5599999999999999,False,False,False,False,False,False,True,False,False,False,False,False,False,False,False,False,False,False,0.560728846910665,0.4543999999999999,0.5041322314049587,0.5215333333333334
50.0,0.535,0.475,0.1622222222222222,0.434375,0.1542857142857142,0.1279583333333333,0.5599999999999999,False,False,False,False,False,False,False,True,False,False,False,False,False,False,False,False,False,False,0.3221710914454276,0.3984,0.5006321112515802,0.3584
57.1,0.54,0.5183333333333332,0.3785185185185185,0.496875,0.36,0.3277916666666666,0.64,False,False,False,False,False,False,False,False,False,False,False,False,False,False,False,True,False,False,0.6212178784557301,0.6048,0.4859335038363171,0.5846333333333333
43.2,0.53,0.5549999999999999,0.3474074074074074,0.5375,0.3142857142857143,0.2906666666666667,0.5599999999999999,False,False,False,False,False,False,False,False,False,False,False,False,True,False,False,False,False,False,0.4715375512930623,0.4416,0.4949899799599198,0.4681
52.1,0.625,0.7458333333333333,0.1318518518518518,0.496875,0.1171428571428571,0.1329583333333333,0.72,False,False,False,False,False,False,False,True,False,False,False,False,False,False,False,False,False,False,0.2013266499582289,0.2159999999999999,0.5087719298245614,0.2695333333333333
53.1,0.535,0.5950000000000001,0.1288888888888889,0.828125,0.1242857142857142,0.1144166666666666,0.64,False,False,False,False,False,False,False,False,False,False,False,False,False,False,False,False,True,False,0.6652319962467745,0.6112000000000001,0.5221674876847291,0.5735666666666667
58.3,0.455,0.3916666666666666,0.0474074074074074,0.271875,0.0471428571428571,0.0325,0.48,False,False,True,False,False,False,False,False,False,False,False,False,False,False,False,False,False,False,0.3536133046183297,0.336,0.5376884422110553,0.3541666666666667
52.8,0.59,0.6174999999999999,0.2081481481481481,0.528125,0.1942857142857142,0.1699583333333333,0.5599999999999999,False,False,False,False,False,False,False,False,False,False,False,False,True,False,False,False,False,False,0.9895115771079074,0.4832,0.5137614678899083,0.8038666666666666
50.0,0.5,0.4633333333333332,0.1237037037037037,0.259375,0.12,0.0882916666666666,0.48,False,False,False,True,False,False,False,False,False,False,False,False,False,False,False,False,False,False,0.7109972240017083,0.8460000000000001,0.5381165919282511,0.5863333333333334
60.9,0.55,0.5908333333333334,0.7562962962962962,0.5625,0.7142857142857143,0.6385833333333333,0.5599999999999999,False,False,False,False,False,True,False,False,False,False,False,False,False,False,False,False,False,False,0.5126044941203866,0.4864,0.5134474327628362,0.4792666666666667
44.8,0.39,0.3058333333333333,0.0237037037037037,0.415625,0.0185714285714285,0.0150833333333333,0.48,False,False,False,True,False,False,False,False,False,False,False,False,False,False,False,False,False,False,0.7573430040396623,0.6816000000000001,0.4948586118251928,0.6703666666666667
51.4,0.48,0.5041666666666667,0.3125925925925926,0.503125,0.2871428571428571,0.255,0.5599999999999999,False,False,False,False,False,False,False,False,False,False,False,False,False,False,False,True,False,False,0.8109031198686372,0.8896000000000001,0.5172413793103449,0.6776
50.0,0.57,0.6150000000000001,0.0392592592592592,0.29375,0.0342857142857142,0.0328333333333333,0.5599999999999999,False,False,False,False,False,False,True,False,False,False,False,False,False,False,False,False,False,False,0.6360026455026455,0.294,0.4722222222222222,0.6125666666666667
66.7,0.7,0.7224999999999999,0.0711111111111111,0.35,0.0628571428571428,0.0595416666666666,0.5599999999999999,False,False,True,False,False,False,False,False,False,False,False,False,False,False,False,False,False,False,0.3092050434569715,0.4535999999999999,0.5038560411311054,0.3470999999999999
59.1,0.57,0.5900000000000001,0.3074074074074074,0.4125,0.2628571428571428,0.2215833333333333,0.48,False,False,False,False,False,False,False,False,False,False,False,False,False,False,False,True,False,False,0.6146118721461189,0.4288,0.5136986301369864,0.5485333333333333
35.3,0.54,0.5708333333333333,0.0562962962962962,0.409375,0.0428571428571428,0.0469166666666666,0.5599999999999999,False,False,False,True,False,False,False,False,False,False,False,False,False,False,False,False,False,False,0.7969311795389534,0.64,0.5335689045936396,0.6477
66.7,0.58,0.5474999999999999,0.9274074074074076,0.815625,0.8842857142857142,0.786375,0.5599999999999999,False,False,False,False,False,False,False,False,False,False,False,False,False,True,False,False,False,False,0.6261617079264138,0.728,0.4689984101748807,0.6094333333333334
45.5,0.655,0.6483333333333334,0.0629629629629629,0.2875,0.0514285714285714,0.0469166666666666,0.5599999999999999,False,False,False,False,False,False,False,False,False,False,True,False,False,False,False,False,False,False,0.6135472928897585,0.5112,0.4931506849315068,0.5706333333333333
61.5,0.695,0.7633333333333333,0.3807407407407407,0.59375,0.3657142857142857,0.3730416666666666,0.72,False,False,False,False,False,False,False,False,False,False,False,False,False,False,False,False,True,False,0.8924023668639055,0.434,0.5207100591715976,0.7278666666666667
56.5,0.465,0.4583333333333333,0.4029629629629629,0.734375,0.41,0.340875,0.5599999999999999,False,False,False,False,False,False,False,False,False,False,False,False,True,False,False,False,False,False,0.7380749746707194,0.3872,0.4539007092198581,0.7160000000000001
49.1,0.46,0.4466666666666666,0.1822222222222222,0.41875,0.1728571428571428,0.1408333333333333,0.5599999999999999,False,False,False,False,False,False,False,False,False,False,False,False,False,False,False,False,True,False,0.5412774687339724,0.7328,0.5103562551781275,0.5018333333333334
50.0,0.45,0.4183333333333332,0.5607407407407408,0.321875,0.5471428571428572,0.4930833333333333,0.64,False,False,False,False,False,False,False,False,False,False,False,False,True,False,False,False,False,False,0.3741578914260552,0.3296,0.5059445178335535,0.3906
52.9,0.515,0.4466666666666666,0.3681481481481481,0.55,0.3785714285714285,0.34825,0.64,True,False,False,False,False,False,False,False,False,False,False,False,False,False,False,False,False,False,0.4185633656647907,0.6328,0.4911986588432523,0.4339666666666666
52.1,0.415,0.3549999999999999,0.257037037037037,0.4,0.2414285714285714,0.1687916666666666,0.48,False,False,False,False,False,False,False,False,False,False,False,False,False,False,False,False,True,False,0.6246695526695527,0.4452,0.4848484848484848,0.5884333333333334
51.2,0.525,0.5299999999999999,0.96,0.484375,0.8785714285714286,0.816625,0.5599999999999999,False,False,False,False,False,False,True,False,False,False,False,False,False,False,False,False,False,False,0.6363850050658562,0.5291999999999999,0.4680851063829787,0.6182666666666666
58.0,0.675,0.6900000000000001,0.1162962962962963,0.503125,0.11,0.1112916666666666,0.64,False,False,False,False,True,False,False,False,False,False,False,False,False,False,False,False,False,False,0.5226930529787673,0.3583999999999999,0.5021645021645021,0.4970666666666666
58.3,0.545,0.5333333333333333,0.1992592592592592,0.55625,0.2014285714285714,0.18075,0.64,False,False,False,False,True,False,False,False,False,False,False,False,False,False,False,False,False,False,0.737287845325274,0.7968000000000001,0.4955248169243287,0.6553
65.1,0.525,0.5741666666666667,0.2888888888888888,0.596875,0.2742857142857143,0.2721666666666666,0.64,False,False,False,False,False,True,False,False,False,False,False,False,False,False,False,False,False,False,0.3857720797720796,0.3312,0.452991452991453,0.4452333333333333
52.4,0.49,0.4433333333333332,0.8925925925925926,0.534375,0.8614285714285714,0.7207083333333333,0.5599999999999999,False,False,False,False,False,False,False,False,False,False,False,False,True,False,False,False,False,False,0.3049362302121387,0.3892,0.4737550471063257,0.366
62.5,0.64,0.6966666666666667,0.2718518518518518,0.284375,0.2471428571428571,0.2399166666666666,0.64,False,False,False,False,False,False,False,False,False,False,False,False,False,False,False,True,False,False,0.6506682152535811,0.6240000000000001,0.491869918699187,0.5985333333333334
50.0,0.75,0.7766666666666666,0.0162962962962962,0.496875,0.0171428571428571,0.0142916666666666,0.64,False,False,False,False,False,False,False,False,False,False,False,False,False,False,False,False,False,True,0.6089769585253457,0.6264,0.4946236559139785,0.5657
50.0,0.53,0.4583333333333333,0.0377777777777777,0.45,0.0314285714285714,0.03125,0.5599999999999999,False,False,False,False,False,False,False,False,False,False,False,False,False,False,False,True,False,False,0.6455172413793104,0.4283999999999999,0.5112960760998811,0.5722666666666667
